{
    "ingoing": {
        "4": [
            0,
            3
        ],
        "6": [
            1,
            15
        ],
        "7": [
            12
        ],
        "3": [
            4
        ],
        "16": [
            5,
            9
        ],
        "1": [
            6,
            10
        ],
        "15": [
            8
        ],
        "13": [
            14
        ],
        "14": [
            13
        ],
        "9": [
            16
        ],
        "12": [
            7
        ]
    },
    "labels": {
        "28": [
            0,
            12
        ],
        "22": [
            1,
            9
        ],
        "23": [
            3,
            5
        ],
        "13": [
            4
        ],
        "18": [
            6
        ],
        "4": [
            7
        ],
        "1163": [
            8
        ],
        "65": [
            10
        ],
        "25": [
            13,
            14,
            15
        ],
        "232": [
            16
        ]
    },
    "outgoing": {
        "0": 4,
        "1": 6,
        "3": 4,
        "4": 3,
        "5": 16,
        "6": 1,
        "8": 15,
        "9": 16,
        "10": 1,
        "13": 14,
        "14": 13,
        "15": 6,
        "16": 9,
        "7": 12,
        "12": 7
    },
    "unmovable": [
        "armchair",
        "bookshelf",
        "end table",
        "shelf",
        "table",
        "dresser"
    ],
    "pose": [
        [
            -0.9718209135852655,
            0.007099848839741217,
            0.2356129220561932,
            0.316842864825402
        ],
        [
            -0.0031238374099082705,
            -0.999846304369158,
            0.017244168510051897,
            0.025323492791548968
        ],
        [
            0.2356991883267614,
            0.016022237919075265,
            0.9716938158012405,
            0.2465093221360627
        ],
        [
            0.0,
            0.0,
            0.0,
            0.9999998807907104
        ]
    ],
    "min_confidence": 0.1,
    "pcd": "data/241216a_temp_hl/scene_graph/pcd.ply",
    "mesh": "data/241216a_temp_hl/scene_graph/mesh.ply",
    "nodes": {
        "0": {
            "type": "lamp",
            "label": "lamp",
            "centroid": [
                0.20690952333263546,
                -1.2293416258765515,
                -0.8545592227844164
            ],
            "color": [
                0.8627451,
                0.14901961,
                0.49803922
            ],
            "mesh_mask": "data/241216a_temp_hl/nodes/mesh_mask/0_mesh_mask.npy",
            "pcd": "data/241216a_temp_hl/nodes/pcd_segmentation_color/0_pcd_scene_graph_colour.ply",
            "pcd_real": "data/241216a_temp_hl/nodes/pcd_real_color/0_pcd_scene_graph_colour.ply"
        },
        "1": {
            "type": "unmovable",
            "label": "book",
            "centroid": [
                -0.0383100478729681,
                0.8925194644983571,
                0.017171140855138975
            ],
            "color": [
                1.0,
                0.25098039,
                0.50588235
            ],
            "mesh_mask": "data/241216a_temp_hl/nodes/mesh_mask/1_mesh_mask.npy",
            "pcd": "data/241216a_temp_hl/nodes/pcd_segmentation_color/1_pcd_scene_graph_colour.ply",
            "pcd_real": "data/241216a_temp_hl/nodes/pcd_real_color/1_pcd_scene_graph_colour.ply"
        },
        "3": {
            "type": "unmovable",
            "label": "armchair",
            "centroid": [
                0.1542498238786129,
                -1.4299732082605972,
                0.003782907310368743
            ],
            "color": [
                0.5,
                0.5,
                0.5
            ],
            "mesh_mask": "data/241216a_temp_hl/nodes/mesh_mask/3_mesh_mask.npy",
            "pcd": "data/241216a_temp_hl/nodes/pcd_segmentation_color/3_pcd_scene_graph_colour.ply",
            "pcd_real": "data/241216a_temp_hl/nodes/pcd_real_color/3_pcd_scene_graph_colour.ply"
        },
        "4": {
            "type": "unmovable",
            "label": "pillow",
            "centroid": [
                0.0029385831375203786,
                -1.3372003421678218,
                -0.06411435651179491
            ],
            "color": [
                1.0,
                0.69019608,
                0.0
            ],
            "mesh_mask": "data/241216a_temp_hl/nodes/mesh_mask/4_mesh_mask.npy",
            "pcd": "data/241216a_temp_hl/nodes/pcd_segmentation_color/4_pcd_scene_graph_colour.ply",
            "pcd_real": "data/241216a_temp_hl/nodes/pcd_real_color/4_pcd_scene_graph_colour.ply"
        },
        "5": {
            "type": "unmovable",
            "label": "armchair",
            "centroid": [
                -0.14715110817391316,
                0.07018522850097375,
                0.1403187314144171
            ],
            "color": [
                0.5,
                0.5,
                0.5
            ],
            "mesh_mask": "data/241216a_temp_hl/nodes/mesh_mask/5_mesh_mask.npy",
            "pcd": "data/241216a_temp_hl/nodes/pcd_segmentation_color/5_pcd_scene_graph_colour.ply",
            "pcd_real": "data/241216a_temp_hl/nodes/pcd_real_color/5_pcd_scene_graph_colour.ply"
        },
        "6": {
            "type": "unmovable",
            "label": "bookshelf",
            "centroid": [
                -0.05308108194660632,
                1.0615252488772942,
                0.08634861600266333
            ],
            "color": [
                0.5,
                0.5,
                0.5
            ],
            "mesh_mask": "data/241216a_temp_hl/nodes/mesh_mask/6_mesh_mask.npy",
            "pcd": "data/241216a_temp_hl/nodes/pcd_segmentation_color/6_pcd_scene_graph_colour.ply",
            "pcd_real": "data/241216a_temp_hl/nodes/pcd_real_color/6_pcd_scene_graph_colour.ply"
        },
        "7": {
            "type": "unmovable",
            "label": "table",
            "centroid": [
                -0.16358600226753844,
                -0.6383078083226493,
                0.005023064197175466
            ],
            "color": [
                0.5,
                0.5,
                0.5
            ],
            "mesh_mask": "data/241216a_temp_hl/nodes/mesh_mask/7_mesh_mask.npy",
            "pcd": "data/241216a_temp_hl/nodes/pcd_segmentation_color/7_pcd_scene_graph_colour.ply",
            "pcd_real": "data/241216a_temp_hl/nodes/pcd_real_color/7_pcd_scene_graph_colour.ply"
        },
        "8": {
            "type": "unmovable",
            "label": "object",
            "centroid": [
                -0.010463306647104265,
                1.2453764884870013,
                -0.36467596367887284
            ],
            "color": [
                0.47058824,
                0.36862745,
                0.94117647
            ],
            "mesh_mask": "data/241216a_temp_hl/nodes/mesh_mask/8_mesh_mask.npy",
            "pcd": "data/241216a_temp_hl/nodes/pcd_segmentation_color/8_pcd_scene_graph_colour.ply",
            "pcd_real": "data/241216a_temp_hl/nodes/pcd_real_color/8_pcd_scene_graph_colour.ply"
        },
        "9": {
            "type": "unmovable",
            "label": "book",
            "centroid": [
                -0.18266430651051127,
                0.008972113795752745,
                -0.49817112412611764
            ],
            "color": [
                0.70196078,
                0.53333333,
                1.0
            ],
            "mesh_mask": "data/241216a_temp_hl/nodes/mesh_mask/9_mesh_mask.npy",
            "pcd": "data/241216a_temp_hl/nodes/pcd_segmentation_color/9_pcd_scene_graph_colour.ply",
            "pcd_real": "data/241216a_temp_hl/nodes/pcd_real_color/9_pcd_scene_graph_colour.ply"
        },
        "10": {
            "type": "draggable",
            "label": "bottle",